{"storage_name": "Arrow partitioned", "read_durations_s": [0.1998140811920166, 0.180924654006958, 0.1766800880432129, 0.16985011100769043, 0.15754985809326172, 0.15899300575256348, 0.17709755897521973, 0.16208672523498535, 0.148514986038208, 0.1681525707244873], "frame_repeats": 10}