{"storage_name": "Arrow single", "read_durations_s": [0.12420177459716797, 0.1053617000579834, 0.10358381271362305, 0.10067915916442871, 0.0984652042388916, 0.0936119556427002, 0.09737873077392578, 0.09814763069152832, 0.09883332252502441, 0.0976111888885498], "frame_repeats": 10}