{"storage_name": "Arrow single", "read_durations_s": [0.14479327201843262, 0.10916304588317871, 0.09673023223876953, 0.10097718238830566, 0.0889735221862793, 0.09211111068725586, 0.08953332901000977, 0.10645747184753418, 0.09031915664672852, 0.09790587425231934], "frame_repeats": 10}