{"storage_name": "Arrow partitioned", "read_durations_s": [0.17258358001708984, 0.1626276969909668, 0.14640498161315918, 0.1463620662689209, 0.1422114372253418, 0.1383345127105713, 0.1659858226776123, 0.13508129119873047, 0.1317734718322754, 0.14310836791992188], "frame_repeats": 10}