{"storage_name": "CSV single", "read_durations_s": [0.324432373046875, 0.28418993949890137, 0.2852661609649658, 0.30395007133483887, 0.2825160026550293, 0.2858240604400635, 0.2860736846923828, 0.2876131534576416, 0.28137826919555664, 0.29361939430236816], "frame_repeats": 10}