{"storage_name": "CSV single", "read_durations_s": [0.32820725440979004, 0.30666661262512207, 0.30158162117004395, 0.291597843170166, 0.296431303024292, 0.30392932891845703, 0.29663562774658203, 0.29621076583862305, 0.28249049186706543, 0.2993345260620117], "frame_repeats": 10}