{"storage_name": "Parquet multiple", "read_durations_s": [0.12059545516967773, 0.1240236759185791, 0.1179955005645752, 0.11433219909667969, 0.11673474311828613, 0.11755084991455078, 0.1225595474243164, 0.12037229537963867, 0.11773467063903809, 0.11708283424377441], "frame_repeats": 10}