{"storage_name": "Parquet single", "read_durations_s": [0.3159983158111572, 0.3012206554412842, 0.278963565826416, 0.28526878356933594, 0.28585052490234375, 0.27501606941223145, 0.3038010597229004, 0.28215885162353516, 0.3031005859375, 0.27988243103027344], "frame_repeats": 10}