{"storage_name": "Parquet multiple", "read_durations_s": [0.13102436065673828, 0.1204831600189209, 0.12042093276977539, 0.11606884002685547, 0.11791372299194336, 0.11620473861694336, 0.12397360801696777, 0.12178349494934082, 0.11491870880126953, 0.11538195610046387], "frame_repeats": 10}