{"storage_name": "Parquet single", "read_durations_s": [0.32117748260498047, 0.2822303771972656, 0.3067300319671631, 0.2865419387817383, 0.304980993270874, 0.26059913635253906, 0.2744145393371582, 0.3313484191894531, 0.27750229835510254, 0.2802433967590332], "frame_repeats": 10}