{"storage_name": "Sqlite multiple", "read_durations_s": [4.304645776748657, 4.089461088180542, 3.758358955383301, 3.643435478210449, 3.644542694091797, 3.5425403118133545, 4.238567113876343, 3.922504425048828, 3.6664161682128906, 3.6993343830108643], "frame_repeats": 10}