{"storage_name": "Sqlite single", "read_durations_s": [5.2886199951171875, 4.979253053665161, 4.727893114089966, 4.387898921966553, 4.3660383224487305, 4.3296613693237305, 5.222120523452759, 4.820973634719849, 4.4548258781433105, 4.447628021240234], "frame_repeats": 10}