{"storage_name": "Sqlite multiple", "read_durations_s": [4.4012908935546875, 4.2104103565216064, 3.9071176052093506, 3.6007707118988037, 3.678260326385498, 3.572608470916748, 4.316358327865601, 3.9303083419799805, 3.6550168991088867, 3.612529993057251], "frame_repeats": 10}