{"storage_name": "Sqlite single", "read_durations_s": [5.169820547103882, 4.894428014755249, 4.492136001586914, 4.282159805297852, 4.496674537658691, 4.338010549545288, 5.235193490982056, 4.818078279495239, 4.425365447998047, 4.326202392578125], "frame_repeats": 10}